full_text,source,created_at,url
"Marvell Technology, Inc. Reports Third Quarter of Fiscal Year 2025 Financial Results - Marvell Investor Relations",Marvell Investor Relations,"Tue, 03 Dec 2024 22:06:33 GMT",https://news.google.com/rss/articles/CBMiwAFBVV95cUxQbEhja3BGc2NCdEo4UTNIMC05VXlrQmlKSUdOSmRCeWpNUHd6WFJtTmFvSXBrSEU4N2RELW5YcDROTTRUWUpmN19oQUhHNWJXb1BxV2dNMUtuTENuSi1UQ2FIQ05SYlVUZHBhR1hJUFRwSmVpMXdQTW1temFpWEFGMVo5a213ZHBLUnljU056Ql8zYVMtZFBCUGpMelFGS0xpNkNzLUx3cjFUOUZyM2laOEQ4ekpjTXc3NW1YcUdnTlQ?oc=5
Opinion | Human Interaction Is Now a Luxury Good - The New York Times,The New York Times,"Wed, 04 Dec 2024 10:04:18 GMT",https://news.google.com/rss/articles/CBMifkFVX3lxTE1BV096cUdMVkZlNlJJamdPdWJiYTVkWkJGNTlZR2h1VWlBRHpja0tEdGpYRWxwcndkUUpqOEJVWXcxdTB2dnlUVTVPMGRjb3dQWU9ibVpOYVU0ZmlDNkozQVBVb3dkNXlRN2VEMWxpRVVYOUhxR1BOMTRnWmVIZw?oc=5
Establishing a National Water Technology Pipeline - Federation of American Scientists,Federation of American Scientists,"Fri, 06 Dec 2024 14:03:45 GMT",https://news.google.com/rss/articles/CBMihAFBVV95cUxPdHlSMjMwNzlLVVZUS2owQzA3c0ozQWt3aF9OdU1ZeV85RnRvamItbWR0Z3BQUjlsVWFLdXdKb3hIWUk1a3lwai1fRndXV0dxeXhzejE1QU5ORDdlTk1HR3FUTDNWSllDNUVkNW0wa05GLXJrTkppaUIxSC1XQ3pOOGNHYTk?oc=5
AUSEA: The Innovative Technology for Reducing Methane and CO2 Emissions - Total,Total,"Thu, 05 Dec 2024 08:00:00 GMT",https://news.google.com/rss/articles/CBMivwFBVV95cUxPeUIxNlNwSmI2Q0hOaXgyX01NUDNPQ01fTUQxT2J3RW1IYUZSMVdRbGNpZV9KZTNXeWo4ekk1c2NsRW9vYjNDNlJlTVlxX3hWOGJ4cXkyeXpIcTRpSkFfSXlDNURmLS03RVVxVUsxd25IUTlXbWh4NVZROUhVRndzUXROZzJOYkpTX3g4ZFFSR21SQXdaR1BwcXBhUVBQVEZVeG1xX3NLc21GQ1JVUC15eHlYb01JdHk5cWluNmFkWQ?oc=5
Why Credo Technology Group Rocketed Nearly 50% Today - Yahoo Finance,Yahoo Finance,"Tue, 03 Dec 2024 19:19:03 GMT",https://news.google.com/rss/articles/CBMiiAFBVV95cUxPQUFvVENNdXpkbGo0WWVNWVNDZFduWUZ0Wm5vdzJZY0hwNTFmNXRXTVU0UzF0c2lKVDhxSUFSaGo2QzlHMG54WGV5LUhTUkMzVTlHSURqZWRpNVk0NlRZNlVtSHdqLXlaQk1hQmdqMFZqdWNqX1FfTk5oX0ZfOFpCYVkxSTBMS0hs?oc=5
3 things that didn’t make the 10 Breakthrough Technologies of 2025 list - MIT Technology Review,MIT Technology Review,"Fri, 06 Dec 2024 11:00:00 GMT",https://news.google.com/rss/articles/CBMiswFBVV95cUxPeGhoV2Iyd3I2S2F1X2VDVnRvNzBWTnFoYWEyM1FKdUxJZmJRUWlIaHRMV1dTLWt2SnNSZmFQR0tadDlCQWRzZ1Bxd0M2YmpMbGtwZmhYcjdBa2x4UDhFUzl0ajlselF3YnpieXc1WTVETXhseUtZRDZ4N1U0bGlQSldhRDloMWM0TVhuZHA3R0puSm4teHNGM0tBb3Vua3liX2VxbnNXXzkyZXpIX0xLRnUxRdIBuAFBVV95cUxOQnVKazN2dWx3ams1d3huYmpQclY0YXc2LXZXOFRnLXp1ckRWZFBSbFJrRDFsYTl0T2wwTzJFWXV1WGlHWDliWEFlUEtNNlZlNjhZQ1JSOFRKeFU0Z0VIOS1WUXJVS3lfQkRQSmZlUWYzT2hjMWIyd3lsdjFsWTQ3eU9Ma1poQWl1dmxZRFY3ckJ6MHVOOUFiek5ac3dxX0dvMk1Rb3hVZWNKajJuQWExOHE5LS1vLTFR?oc=5
Help Shape The Future Of Campus Technology – Student Services - Montclaire News,Montclaire News,"Tue, 03 Dec 2024 20:27:50 GMT",https://news.google.com/rss/articles/CBMingFBVV95cUxOMTM2Sk5HWjFhRlBOUzZkRzlBRHBudnZGVHpDdkRmT2lIaGxwLW5zRk5xWUF2UU4zV1ZSeF8xbE8waVZFRVVsaVVVaGhZRHhCYnZyMllWX3ctUzM2a2lyWHBrZ1NKbE9Ibm5lWEVYNjc0LUZ2WkpVMC1CSmYxZS03NTd4YXlwcDB5WTZOaGxmVC1LWkp3cDM1ODVDNDNXZw?oc=5
Top 10 Health Technology Hazards for 2025 Executive Brief - ECRI,ECRI,"Wed, 04 Dec 2024 15:56:15 GMT",https://news.google.com/rss/articles/CBMigwFBVV95cUxQZEJ4Q3g5VmdwZHVOX0xlaU5SUlpMS2d2d2pVQ1BYNUNvSDhFeXZrVzFBWXZZMGlvWFhXWU9tRDJjQ2MzZXBnVXo0UXlhR21LVjZkcloyTjc3RGlTM2NnOUpnSHppejdRNWlDU0JtY0FyRENiT01fUzlmYmQ3ZXpLV24tZw?oc=5
Opportunities for new faculty to enhance teaching with technology practices - Penn State University,Penn State University,"Fri, 06 Dec 2024 18:45:00 GMT",https://news.google.com/rss/articles/CBMiuAFBVV95cUxPa0ZXYWVseUtnUVk5U3pOaWdRaW5QN2VkZFZObl9MNkNodmxXd25oZ3VGb25GQV82cnVUTzZKaDdKdW5QS0Fsd3dBbnFHZGI1TUNublJKTHZzck9oYmxqY0tCSnl4d1VXN0NyM0ZXaVpfUGFueGRNaFFKakczZFFESVJ1RHluSWI3dHlwRWhvOG85VnlocVg0THFCaVJ6dTZ3ank3dlczV0hHU1ZQRXlSRUhYQy1PNi1Y?oc=5
Rales HCI Fellows Bring Inclusive Technology to the Forefront of Industry - Carnegie Mellon University,Carnegie Mellon University,"Fri, 06 Dec 2024 15:14:58 GMT",https://news.google.com/rss/articles/CBMiyAFBVV95cUxObG9ldHYwYU1VN0RETkRrc1pWVjRaUFFRamZacExnaFZoVEJWVkZINzhXZzQwS2hQYXgta3ZCUUVvTy1nNzdMbDUxMHpjdVhLbk13QTQ4ak04MGZVckhZUERUcFhPVWE3OU5aWkNPeVZRNXdsT183blg1QkwtZUtOM2xodlZpbHhyd3ljVmM3eVpPRGc2VWFQQ2EtQWhpVVdCOUQ5cFJIWGNLcEp6RTJoS2JZVzBzY3RZQVZXSERFNGxlbVhRZDBVdw?oc=5
NASA TechLeap Prize: Space Technology Payload Challenge - NASA,NASA,"Tue, 10 Dec 2024 14:35:34 GMT",https://news.google.com/rss/articles/CBMimgJBVV95cUxNUTVaeVdjamVvaHA2cGRiaVVSeXRNZG5xWE5qalZRczh0SzFMV2pJZHJMbGJESWVGT1llLUtDcWY1T1RYUUhBazhMZ3U5VlRqMVNEMjkxbDZEb0J2N3U0RW9kcmNjRVV2UVlmWnozNmNGUHBvLTdrZ3ByeFFBQ3RoUzRpTWp4SU9sazkydENfaFRONHo5UklrMU5RWGtYVlRMYk1SREt5X0xvUmJocUR6MGx3aFJHdlFzQXZGbGhucjZuZGx2UjZ2a2UyRUN4OXZZSHZxbW5odHhDc0tFcHVUSWNKakl1dl8zU0RzOVdQcm5QbzJqTW1VNmhtUWw1ZE0yckRGWi1KR1hvbjM5QTdpMy1ENEdiWFFKaXc?oc=5
Google Cloud partners with Air France-KLM on AI technology - Reuters,Reuters,"Wed, 04 Dec 2024 06:09:00 GMT",https://news.google.com/rss/articles/CBMixAFBVV95cUxQaktfZjZEbnh2c0NTTnh2VC1PQm1DZkJtaFNoSUxLSnJqeWljbzZlcWg3Y2VwNTZqSVlabVk4dHZOaDVEMWtxeHBwT3pQaXV2UWEyMkg2Mm1KNDFXdlYtRmhGUC1oc25JUUY3NVpfV1lpTkxySGtYcFFGVTRxSHY3eW1DNjZ2ZEh3c3kwUm5PYkJCZFlRUmg2U3d6WVlQdDJ0M2t6OVNVc204UVYwMzE3WEZzLVpWcjhIOUZZYTM4OTdDTlhk?oc=5
"Meet Willow, our state-of-the-art quantum chip - The Keyword",The Keyword,"Mon, 09 Dec 2024 16:39:38 GMT",https://news.google.com/rss/articles/CBMidkFVX3lxTE9TYU9sQjg4VjNLMjVEY2VweEQ1eHZ0UnBFbFNUcmttZnU1YjVXVlBzSFRhQURiMXRuNXhFTmNDTnUzUlBxaGxNVG5pUGEybzBfOTBUMVVPeEJITzNiTFBvV2dSZExodlBaT0I4SEQzUUlUXzFjZWc?oc=5
Marvell Technology Reaches $100 Billion Valuation After Earnings Beat And Amazon Deal - Forbes,Forbes,"Wed, 04 Dec 2024 20:54:13 GMT",https://news.google.com/rss/articles/CBMi0gFBVV95cUxNMms2eTNsVUt1NjJYTU8zODkyaFdjOWx6a0RTaXJibE4wMjh2d010dUcyTDIwbTZ3N1B0NHZxWTNqY3JjSUZEQ1g0TEI4RWtGNlFSYURadXhUT3lRekRZemVoMVdQOTBHbC1qVndYOHdjU0k5RUpTMjVpcGEza1pmd3NCYzh5MXBuOHBib0x0Sm9jbzM0NDFBRU4yZkpuZlVRR21OME91bi02eHNtVUROSFdzSkV3VTdxUnFxN0tJVl82dlVoN3N1NTluWENhNUtleXc?oc=5
Why I Work at DOJ: Information Technology - Department of Justice,Department of Justice,"Fri, 06 Dec 2024 17:17:25 GMT",https://news.google.com/rss/articles/CBMigAFBVV95cUxQVFdTRmhPWUFEdWRpSkRLLUZxMlZxNzRDTGdkOGNrZ0taRDZab05LcFVSUDlQamtxdEZXSHZOMGQ5ZmRtVzZGQUdPcmV1NGdUU1JJOFFES0o5aFRPeEhiQzFmTnpwSl9FWjNxMVl4cVlEZmRPVWNkWjdVYThEclVjNw?oc=5
US finalizes more than $6.1 billion chips subsidy for Micron Technology - Yahoo Finance,Yahoo Finance,"Tue, 10 Dec 2024 11:15:53 GMT",https://news.google.com/rss/articles/CBMidkFVX3lxTE5pUFZzOThlWkZPOUR3cGNCMUx1NjBaOXd6MUpBR3V0Y1V2WllZQy1yeUl5TDQ4eER2X3JKV3JhVUtxVk45dkF3UURRTHNGQ3ZScTNiaFQ5Q1Y1NW1BS3RBY3FZb243WU1YUlBlWXVaYUhHSU5SaXc?oc=5
Top 10 Health Technology Hazards for 2025 - ECRI,ECRI,"Wed, 04 Dec 2024 08:00:00 GMT",https://news.google.com/rss/articles/CBMiiAFBVV95cUxPaE9BV1ZFQS1aMXBrQXVRWkl0UDRnTHhqSEotWHNVLUs0RDJ0UUNLbEF3YlRlTnEtbDJZajdnX2NlYmFTN05ZM1p3NFZ0Mk1SaHJoOG9SM3pMQ1BIR3gxaWxCVUJ4SXY5TWF3RnFRSVlLdVktVTl2bnF0dVJRdVVyV0dUN0ltbHpT?oc=5
OpenAI’s new defense contract completes its military pivot - MIT Technology Review,MIT Technology Review,"Wed, 04 Dec 2024 19:00:00 GMT",https://news.google.com/rss/articles/CBMirwFBVV95cUxOeDBJTHczT1ppVFE5d2JhWk9vTlJfVXFGUk44c3dQVE1WU29uX3NTUXlGdkEzejY0c1NhVEd1djVxWWJzb2pvRTdUTjFWOW5LaHdaM1EzVHJwSkFrb3hPWnRneEpwWERBODVSQ2U0TmpuQWd5NExaTFZKaF9nNHpIOW90UFdQd2RDcVFUQUFkT0lXQzJaYU16TURST3FTV0xNRXpldjBYQkdPRWJLNG9v0gG0AUFVX3lxTE5Dby1UT3FQWnhGazMxbHpWZVA0dDZHNEpfNElPZ3BzYVlKaDJmM0pMZGQyYkxld2xGVk1UcF9XTEVDWlJObWRPMGFxNE94WTFMVF9aVHV3ZXJmUFJnTjBzT25yNlJCRGMwZzA2WmY4Qk1QNFRRaElFNFVKUS1NcmJSb2VyWkpJa1o4SWRTSlN0M1Z2bDVtN3d2VjRJWmJNWXVMWlNRZGhfT1Z0NkpyNDhEUGhDNg?oc=5
US finalizes $6.1 bln Micron chip-making subsidy - Reuters,Reuters,"Tue, 10 Dec 2024 16:57:12 GMT",https://news.google.com/rss/articles/CBMirAFBVV95cUxPd2Q0ck5WVFh1bDNmUE04VlBNendOWHZoRTFxLTNyc3Rfc1g2RUoxWjV6UGl6bVdmSmJPdmFVQlJ1aFFnZ0JPaWhUcFVRZDI1QU4yUGJNcTJFZkRSRmpuczVRb1dSenRWOG9telpIMG5tZFhQZVZiTVRpazBoRlltOU9Eb1Nob3FRamdLWFlQNWJlRVptWDJaMFEzbERwRi1iWXc3UHNlS2Z2d3dM?oc=5
Why Micron Technology (MU) Is the Best Affordable Stock to Buy Right Now - Yahoo Finance,Yahoo Finance,"Fri, 06 Dec 2024 08:28:28 GMT",https://news.google.com/rss/articles/CBMigAFBVV95cUxNNm5OUDcyQ29nM0d1S1JFajdkQUFGQnkxYVVkYjFMdzBXMTBiNXkxbkhXSUYwYzk0dFVuM29KUnJBaXdLUGM5c3dORmctcGhiQm9qYndIem5Ea2VEZEV6Nng2YjdFVmxwTVlCWHNUaFZORXJ6c2lObktxaVludDJhUg?oc=5
GO Technology – Consumers and hospitality: 2024 in review - NIQ,NIQ,"Thu, 05 Dec 2024 13:25:35 GMT",https://news.google.com/rss/articles/CBMirAFBVV95cUxPYWtqa3FqYWxaSDBoclN5Q0dlMjdlV0N6anVTZ2UtaHhyWjQ1bEhscVdMdDlnZk13eDNWV05meWlueUdva1lybDJoVk9wUVRUUlZzZGVra2tzVkdQQlpvRDZVUnJzaUY4VW9ldEdyMDQ2Rl85T2JlalgydmphZXRvMlF3dm9PV1V3TURaM0Nrd3ZsZHR3YTB1NEw4anNXbWV3alk0OGFMa0VCSXV2?oc=5
UTSA announces new research center to advance space technology and operations - UTSA Today,UTSA Today,"Tue, 10 Dec 2024 18:26:13 GMT",https://news.google.com/rss/articles/CBMilAFBVV95cUxObmdSV09kdFgwNFdmM0FrM3BVYWU1alZoLWt3ajFXdk9sTzl6YWRWc2NzTjB1Yll2NXFGQXF5Q05jbmhuZG9oQ2xtdnFOZTF3dUtTUElQdmFOOHBGeWJNdkVwTnhTbVgzcURicHItOGluX3JuOU1WYU1ZYXkyY29rMnVYc1NLcFkwSW9kckdVVnBvQjcy?oc=5
Naval Postgraduate School Leverages AI and Simulation Technologies to Drive Innovation in Education and Research - navy.mil,navy.mil,"Tue, 03 Dec 2024 22:18:45 GMT",https://news.google.com/rss/articles/CBMi2wFBVV95cUxNVW9xNzBDTWpPVG5NYkFTZlRNbFk1RWRHVzBIeUN0TVFVZHJNeXkwQ29ZalFVcmlDVllBTjhuNlVFdThTOThvSHZoSEgyODNicWw5cjFiTWFlVEozZ1Y3V25ab1c4Ujk0SlFLOEVuYUx6LW9BVFFDNkdNbHB2SVg1bEV2WXRXOXZBcmZWUm9oYnpmVU9CMlFxLV9IYlZtV3VuamxVM3d1RUVsUVZDVGRVQ0VLdVBBbnl2V0VURV9NWTJIRHQxQzMyd0QtbE5QNGcydWZNb1dydU1yVWc?oc=5
Undergraduate Squeezes More Out of Memory Technology - ERAU News,ERAU News,"Mon, 09 Dec 2024 18:54:58 GMT",https://news.google.com/rss/articles/CBMijAFBVV95cUxOQ282Z01NNWRJam1VeHFSSTJLSlZWd1lrbDU0X1FUa0F4b1hSUEM0VTVSdkhrQzc1WWlMVXg2Q1ltVy1IUHhwT2NxRFdiWDhjVUw1ZzZfck5CZUd5dmpkcm9QcU45cFhPOUFvSXNiY1lOQVlxbFV2MXc0V1VZMk1ienRYbkp3M1RNRjZOLQ?oc=5
NASA to Test Technology for X-59’s Unique Shock Wave Measurements - NASA,NASA,"Thu, 05 Dec 2024 22:50:51 GMT",https://news.google.com/rss/articles/CBMiogFBVV95cUxNa190YmdhaUlPSDZYU29jbTVYRkV6MTVqNFlJNFpmS0k2Z2tLWVpUT0lJMnpNUUtFbDVEakZWa3NmMUF6ODE2Q0JzZFN1SUp6bE0wanZwVk5rNWRKTmp3aW12X0Y0SlkwcFdzek5XamFOTEdSRVRBUWJVMklFUjhBdGNzTTBoci1Ea19LVE9yYk0zQ09DTDJlRklsZ2FXZ055cVE?oc=5
Staying Current with Emerging Technology Trends: Using Big Data to Inform Planning - Center for Security and Emerging Technology,Center for Security and Emerging Technology,"Mon, 09 Dec 2024 07:25:51 GMT",https://news.google.com/rss/articles/CBMivwFBVV95cUxPTV9VTzFKWkc1XzNuVHFzNGhVVXVsRmRwNm94RjNwSlVWNlVaUWdOaTBfa0NhSUR2Z2xlTGlNOVZmMUh1OGs3V3lEQ0FQMzc5MWh1WmoyUnd6Mjl4NDFjNkxCMlgwcXdQWHB6MmxSSW9Ca1BDREpnYmFGQjlsaEROVDY5cUJoSncwVGNJNVJ1UzVXakdjbHdjUEk3aGdLVHA2dzVfR29YaExYWmg4Yjh3eElpRWF6cW5ydFRsU3hTNA?oc=5
Marvell Technology Stock Jumps on Optimism Driven by ‘Custom AI’ - Investopedia,Investopedia,"Wed, 04 Dec 2024 21:49:43 GMT",https://news.google.com/rss/articles/CBMimwFBVV95cUxOZFVwTHN5Wnd1cFdhLVFpX1FqdTdNMHpwcV9aZVhtdzNRZUd3OGxoRzBNdGF4ZUJvbXJpNEVLdlU2NHprQUhqbXJlTzVaVTFNZ0Y0Vi1Ja01NY1NjYlZGbUxBWU9MSUZZbFhzYVRWS2dwbW8xVXFoTFoxRkNJSk9HSDdzR0ZqbFA0REtKVGNjakU0WF95RjRYVTh6NA?oc=5
YSU’s Civil and Construction Engineering Technology program shapes future industry leaders - YSU.edu,YSU.edu,"Mon, 09 Dec 2024 13:57:00 GMT",https://news.google.com/rss/articles/CBMisAFBVV95cUxNeWhCdk5ENlJpT0VSVTRqY3hrYWVweWZ3eVRkSmNOam0xeUk0cWQxVHRwU01HYktEeEhWMUFnS2xVamt3U0cwY1hyR3cwOHRHNDAtMHdkbjBvQjNiTjZxZW5QbGtIZ3VNTFBSSEV3cVZpNjlJSlZJM3NIbDlwenZOcW5SYjc5dDZsenlEZUtyeUpvbnQwNG5vQVZucndRMzVSYUR4X0REMG12aWZGQjZjdw?oc=5
Science & Technology - KPBS,KPBS,"Sat, 07 Dec 2024 06:20:46 GMT",https://news.google.com/rss/articles/CBMiV0FVX3lxTE9SYmNqdUpnRFd0RnpfVkEzZjN6TWt3OG1RVDRETzVfcF9lUVBldURwMV95VXR3alpWZzZSNFFaN0JMN2RNZi1UWTV2VFBkRFBCOWRYN0pvRQ?oc=5
"Secretary Austin Visits DIU, Showcases Counter Unmanned System Capabilities and Defense Technology Partnerships - Defense Innovation Unit",Defense Innovation Unit,"Sun, 08 Dec 2024 08:00:00 GMT",https://news.google.com/rss/articles/CBMiowFBVV95cUxPNkFGU3VuaWtqMmpDUWc2cUUyV21nT0l2TURIQmk4SkxKeFRKVTBoQXU5bVlWcW1MWndmU2J3NGlLeE4ySGZJeFI0S1E2NHYwYXAtZEZ4cXBZSi1UbnpocDZUSmF2eWNtVlJJVXU0Z0NaUzlHMDBFRmpBWlJEN3JhN1B4aERicF9LZ3NLcWU1alczcWhubF9HSmJPMWhLekNLaUtz?oc=5
Collaboration brings together aerospace engineering and machine tool technology students - University of South Carolina,University of South Carolina,"Fri, 06 Dec 2024 20:28:52 GMT",https://news.google.com/rss/articles/CBMiwgFBVV95cUxOYmxzWWxabW5MV0ZjckVUZW15QU9Mbk5yUEEzWmYxN3Y0UmxzTlFFR3pKT25wZWNoeWhSaW9zWl9ZcDJYNVBNSlZyYnkxTlpYTEdjY05DaG9TRmJLMlBkaW4xQ1BqbjR6N240aW50bzAwVllJdWRZNjhnTExaQVRaT3VuS212ZVZwdE9iQTVlcjRzVkxFOVdHWjlINGFHZUU5bU5tVFg2aTNZMzBjNnpua0ZIWnVGcm1odjRBbkR5NDN5dw?oc=5
PNW College of Technology Nationally Recognized by EC-Council for Cybersecurity Workforce Development - Purdue University Northwest,Purdue University Northwest,"Wed, 04 Dec 2024 22:52:30 GMT",https://news.google.com/rss/articles/CBMivwFBVV95cUxOQnBZME5pSFhKSVJrTy0yTkFIbHg3OUk5clRLVnYtNXBMeGlVdG50a0NLZ0lZNEVfUjcwbXBURlE1NllQbkdybXJMcGwwMG5sWlJ1UTJQYkNFUEQwUzloVzNtZ202MFVwMlNmTHN2NGdlclQ3bm5uQzRGbG9kY0VJVnRFejhVWEVhd0ZBemNPdkxabE1BbXdtU1BwRDBEenlZRjhSTktuZE0wOENnUXRMMmJOdHBzUWVwRnEwVlVFMA?oc=5
Kennesaw State graduate on path to advancing healthcare technology - Kennesaw State University,Kennesaw State University,"Tue, 10 Dec 2024 14:05:27 GMT",https://news.google.com/rss/articles/CBMipAFBVV95cUxOSU9VTFdMZVJvODU2OUE5WGxWcWdVcndnOERJTFBEZlI2LXBNNk16TDNXc290OTltYmI2bHlzQVYtLVBkRGVmME9ZcDMyVEgxT1R4M29fSWV3YXpUNmNScTBwcEFOMVI3dzhlVW9icHZBeHctR2JWa0NKRVdNZGdOMG9aRzNuQ0p1YUxHZHJjSEdHNTRxSjdXUGtqS3hnSDhXc0hRWQ?oc=5
onsemi to Acquire Silicon Carbide JFET Technology to Enhance Its Power Portfolio for AI Data Centers - Business Wire,Business Wire,"Tue, 10 Dec 2024 04:17:00 GMT",https://news.google.com/rss/articles/CBMi7gFBVV95cUxNeDNDdnNBaUdlZVgtWG0wSEhzUGlCc2haYWR1WDV0dDlvTkxBRUJjNkYyZTFQUFExQlFHYml5QkswaV9CNkk0X1N6M1hXM2s1OEs2ZXhuRUs1azZYTFJVYUJvMzM0Zll6bE56RUNFY3p6UzZsMXBjU3VTX3ZwM21TN2ZrSzlGT0FYZnE5ZnJoZUlHRm8ySnp5U2pYb3BiR1p4RUhxQlJPb1l1TERVSWpacEJNVVoySHRqaVUxdEdpTUJrUVpWdHhpZUsxNzJEb3VSLU1ra01UdGkzOGU5bW5vMVR6Q0NuU1NSY0R2NVhR?oc=5
Will Technology Erode the Dominance of the Dollar? - uschamber.com,uschamber.com,"Thu, 05 Dec 2024 20:13:49 GMT",https://news.google.com/rss/articles/CBMiggFBVV95cUxNMmh5d3JQYnJKa1pldkxMMHV6Y1pBN3VZZk1SYUhnYWdQOXk4aFF1OHBySUVWNXB5eFVtVEh1cEtmVnFvaGpuTjUwdUk5OW5FbHhQM1VFWi1pMjFUdC14bldtd3RibXhTVEgxNXZQQmVaU1NCMzZpN0ktZUVqbmJwSHVB?oc=5
AI is top technology ‘hazard’ facing healthcare in 2025: report - Healthcare Dive,Healthcare Dive,"Mon, 09 Dec 2024 15:15:41 GMT",https://news.google.com/rss/articles/CBMihwFBVV95cUxQbTY3VFpSMl9GMmhqOHhLT0tuSGgwd2JOYk5JMWJxckVpV2JWVWw2QUFLWDNrdktvVUFPbWoxTlZSLU9GbF8yc2hzVzJHdWlvS3NJX01FZ1VpMjBjeVFLQTBkT3RjZGE5NHVjLUE0SzdsV01zNHBjSjJTMzZraDFOQ2lUeFFsbEU?oc=5
"Leveraging Science, Technology, and Innovation to Achieve the SDGs in the World’s Poorest Countries - Welcome to the United Nations",Welcome to the United Nations,"Thu, 05 Dec 2024 15:17:29 GMT",https://news.google.com/rss/articles/CBMiygFBVV95cUxPQUl2QXIzTVgxdzZVZjdIcTJrRjNzRExnd2NTVFJqS0VzcGhtQVFsdHVKbFFKWU9WUEJwUGZQbENDVkdZSjBXWHZXREc0V2kwam95Y0lCR0RMaDRfdUxCSWxHdFVROGN4eUNDZDZBd1BIMEJ2SlRqVXU5Y0pockdZZkZFbnFVYjdnbHdPX295ZVltNW5ZcERueGxiT3NISHNubTZ4bnNLdkRGVm9wak5oZFRZWW02NjZvQU84NlhaZUtHaEdUa05RWml3?oc=5
Extreme Weather: Revolutionizing Weather Preparedness with Space Technology - Webinar Replay - SpaceNews,SpaceNews,"Thu, 05 Dec 2024 18:14:41 GMT",https://news.google.com/rss/articles/CBMingFBVV95cUxPc3liaDIxWDdibVdtWVEyd2xVSnVRcXZ1eXo4eWFfLURzVFJfNTAya3NDYWpsRDQ2TmhKNnRnZmc2dWo1SmFHa0N6ZWRUV010VDFhZl9vSm1OQzdnWFFPSXVGSDFVWW5BQjU2WlQ3Nlh0bTh2NnhCaGdSTE9uQWZNNmVvN1daNm1yVl9jSE5aaU5MZHd5N2lZcl9odU14dw?oc=5
EMERGING TECHNOLOGY HORIZONS: Strengthening Defense with Private Capital - National Defense Magazine,National Defense Magazine,"Fri, 06 Dec 2024 04:13:00 GMT",https://news.google.com/rss/articles/CBMiygFBVV95cUxNdDhVZkZSQjNZSDlSTk5FYVZnN3JuTHIySHpQdmcydmJjbmlhejJjbE5QZlN6U3FUbTA1XzBjSFBMTUdFX2dTWXJnX0RYdkkwWXVpU0hXY3lPcGFCNHg4Vm9BT0JPcElISXZDeUVIelFSNmw0VGV1ODhtd2JHTkVyZndFdEpFcVRiZURlMkFMbkFYbkdSalBtblA2R19PNERHaldKWEdxUGNXU1FTY0hpNFljd2ZqV09vRHN2djJtRUdrN3hQc1F2MWVB?oc=5
Marvell Technology Price Levels to Watch as Stock Soars After Strong Earnings - Investopedia,Investopedia,"Wed, 04 Dec 2024 13:58:16 GMT",https://news.google.com/rss/articles/CBMitAFBVV95cUxQNk9yZWcxc05mYmVkWDJNUDVlZkRNczNRYzNfOFJGUVpmZm1RdXlfNkdVNHF4eHd0Q2ZaYXZUekRFRzJkcHN3dElSUHgxXzJUdjN5SmtSVk1ERV8zNEJBYzJLcFdxZkU0VXBZd1hRTmdaMmEwcHdESG9xcFJNRFlOVWtqRm56dktIdFNpOGp5ams5MHFBTktETml2a0JCb3Q3dXpQd3REdTUwQ0J2czQ4SFQyUkY?oc=5
"Finding leaks from space: How the Water Bureau uses space-age technology to reduce water loss - City of Portland, Oregon","City of Portland, Oregon","Wed, 04 Dec 2024 17:07:59 GMT",https://news.google.com/rss/articles/CBMivgFBVV95cUxNMFNITlF3ZDBFRmF4SEllcGhXaGk2eU4tNHYzUXRiRU1GMGZ2Ujk5a0dCOWdVSDF1U3dNOUpjLURJbDVKc2NrNHJ3SmUwVzZHSWdCMGFELXNCZi1iUVlnd0dzeXdPWFJSaGVGVTRNVWNlanY2d0hrMkRNeGt6SzM0TkZHOUtWdjVlOWpxLUhYNkVZWUN2WlN3NGNzT281WTllRnZkeC1hTUdEdXp4amwzd3MybUlZVzI0cng1TmN3?oc=5
Digital Health Technology and Regulation Conference - Food and Drug Law Institute,Food and Drug Law Institute,"Fri, 06 Dec 2024 21:40:53 GMT",https://news.google.com/rss/articles/CBMijwFBVV95cUxQeVFCd1dhakM1aUxqODRGTTBLcXJuRXFNMnQxdEd0bW1GZWM4SGp6dExTQ04zQThJTnlqS0xmM0lkankwOW5uTUFtZGlOSUFwTmVsN2JzYkhvVWN3Z1NjVll0UU5ObVdua01oRU0xSnFYa2xBdnFGSTU2Qy12NTZJa0FEVkVjMWFlNHVSbFZVNA?oc=5
"Around the Air Force: Remote Start System, Engine Cover Prototype, and Fuel Efficiency Technology - Air Force Link",Air Force Link,"Fri, 06 Dec 2024 15:11:59 GMT",https://news.google.com/rss/articles/CBMi0gFBVV95cUxPYUdNbW54VW9ZaXdjZlVtd3FCTWl6bXhfdWFJUHhFSDY1S3dJMUVOVXZkYVU4RnNPSzZPU0pyMXAwSkhSR0hjLTVMeERDQ3ZvMXZVMnY4VkJLclJUblJPVHpYYV95UHdhSXZfaURKOVBUcnE2QkpOb0p4WldTSkQ3MDB4eF9SZVlPd194ZXhBY09id2JpUDNteWZ1SGJBU25TUUEyUFZnaEdMRjR3TVJRUU1jTUhXX3hCZDNfMzNJb0phRmpxQ2dhaEdQZWZORnhQRWc?oc=5
Lockheed Martin’s Newest Technology Demo for Space Connectivity Is Ready for Launch - Media - Lockheed Martin - Releases,Media - Lockheed Martin - Releases,"Mon, 09 Dec 2024 17:32:41 GMT",https://news.google.com/rss/articles/CBMiwwFBVV95cUxQWFNVa1h2UmtqYUQzVDVRSXdqZHEwbFJGb1A1YjlVZVZsYzhONFFoRG1WcGo5TTJCc01fdmFpTlJUWFBFNjdtZWJENUc5Q1VJUUw3aEhja3ZydjhwRjJoWjNMVE8yLUhJMTBvXy0ybjZEX2IzTnVJbFZ5Nl9peXMybm9YY2hhLVFVWkZLa1lnMnBWS0xHdTZFUTQ3UDgxT2NPMldOeV9xbkV6bjdBVDVLamRmVHpxUzN6SkVBSC1WbWRmaEE?oc=5
How Northeastern students in London used AI to help a green tech startup enhance energy efficiency - Northeastern University,Northeastern University,"Thu, 05 Dec 2024 20:50:32 GMT",https://news.google.com/rss/articles/CBMieEFVX3lxTFBDN3gzdDhTU282Zmt4VWt6cTRCMTAtSE4yaUE5RmZ2NEVhZWtuc0k1bmxOQnNDaU1tX3NvdS0zRll4UlhuOHZ4QjZRQmFMNGh5ZFhCNkpVZWVGS2M4UDkwaXJleE4wc3lHYTZ1dXZwb2RxTWhtTFBxZQ?oc=5
Accelerate technology innovation and excellence with AWS Consumer Goods Competency Partners - AWS Blog,AWS Blog,"Wed, 04 Dec 2024 17:29:31 GMT",https://news.google.com/rss/articles/CBMizAFBVV95cUxOSEFacGpCYmxka2pBalJDelRZdjJPRmdPbks2SEZUOEFJaGtyZHVQVEFrQ2FwbzBaX3ZRclJmc0ozTy1FRVFJM09jeEd0Q1BreWxjb3F2WXZ2RWUxOWZZQWJEa1R0R2tPalRRM0kzeHRKTVpoLXRvckMyb1ZFaFIyUW9Dc0g3YWtqbnZjN2hrVTV0d1RrbWFfdGdnbi1NVU9EXzhkdXpUd0pGOUJ2dk95SkxXTE84bEl1NjlqNHU2NzVJdkVrLThWQnplNzg?oc=5
"2025 Symposium on Women, Gender, Sexuality and Technologies--CfP deadline | Events | RIT - Rochester Institute of Technology",Rochester Institute of Technology,"Fri, 06 Dec 2024 20:50:42 GMT",https://news.google.com/rss/articles/CBMimgFBVV95cUxPRThjcnQ3Z2tLRlpQeUNIcXFaQjB0Wk0tM0ZOc1BjbTNGb1VxdklHckltVkFrVTljWlRJUy1Hal8xd2FFZko4b1pUcDZyb21VdmowUm9Cb2dSMXVBdUVyLXo0V2hseFpjbU8zd0t5THM1bXVZYllGMU1WQ2J5V1RDcjhLc3BCZ2pUUF91WFh6OFFRQWFlTXJydE5B?oc=5
Clinical Technology Consolidation - Applied Clinical Trials Online,Applied Clinical Trials Online,"Wed, 04 Dec 2024 11:59:34 GMT",https://news.google.com/rss/articles/CBMiigFBVV95cUxOSnhmakJ0ekpjN3BUeEVrb1JZa09FVmxDb183VEdKX3cyN2dZMXdPbkx3N1JCZDRoMDRiOGJFellKaGlRQUNNNWJyVV9VWEJvRktoUXMyeVpTSW1UT3NGbFhJWmo1ZVRNbF85aEhQTjlMX3ZOLW1tSTYwaHhFcGdYTi1VUHRUOFhxOWc?oc=5
AI’s hype and antitrust problem is coming under scrutiny - MIT Technology Review,MIT Technology Review,"Tue, 10 Dec 2024 10:00:00 GMT",https://news.google.com/rss/articles/CBMirAFBVV95cUxQOExCMFhDOVh2bXRyUXltYnZUelB3NHZPYkdyNnNtVjI1Wk9MM2pYNFBaLTk5Skd3Wmt6Zlhwa20tWXZlUl9XMzc4X3BQTzJMM0hoNVR4b1c1ZmZwMDRRT1ZZREk1d0I4eWlORGpWd0xxcjl4WS1IdXJ6SnFJUHRULWUtVVRheGo1Qm1NNUgwblFqT1ZwY09faW1WX01FeDg5RXlXMUUwcHpVUmw50gGyAUFVX3lxTE5rWnpSb2JoWGtlUHNwRlFWUGdJa3JiSEp2dXIzSS1TOE5IN0dHNUs1VU9TTkV2SEo3WlJtWENpbTd1OGdyb05KRmMtM01ndXM5RnQ4R0VLcnpibGN0emREQVNJRjNrNWN2bGx4Rl9XLWN4NUV6Wk5VUXRPQWZkSEV3ZVlrRGdMNFN1b09VSFZjQ1FVNzZibFVGZEdnZlJGVUhvaE5yUE1vRWM0WDFfY0FMYVE?oc=5
NDCEE advances DoD readiness with innovative technology projects slated for FY25 - United States Army,United States Army,"Tue, 10 Dec 2024 15:50:13 GMT",https://news.google.com/rss/articles/CBMitwFBVV95cUxNbFl3SUgtc0I5SEoxZ0E2b0prY1ByVkhfR0l3OWZtVUMtdURQeEZGcW1FRGZ1UGZlTXJwblJUMHc5cVBqbU9hSjJPSUtYbkpYd2hDaHR2WDVZb2NnbFZQT05MNm1NMkFqdEpTZm9URzY4Sm1jOHlrR25fQWxJWm9yWmUtTFYyMjhZUUx4NEFvWEI5azBnVFItSm91ODYzT3FlcnVjNkpERjkwd1YyeVRFd0w1WTJFWEnSAbwBQVVfeXFMT18wdUpqLUhwV0FScm9oU3BGcVo2TjE1Zk9XdUpUR3NhZUJKdkpBSU9PMFh6Z3RxRGdSVzAxOURsUWUzazdtT082YnJOOHVmWlVOUEFtaUhFdU1PWWpxWHFvaF9tZThySmljOTZwRlhBQXdlTjNZa2tnV3hsV2E2RVZJMHpHVmV0bjRnMHRnZmZCUURMM21YQndZQ3JUbE1yVzlQYjNicEdwX3RPLTJuS1FxYnlEaDZha2F5VjE?oc=5
